use master;
go
if exists(select * from sys.databases where name='Csdl_DINHDUONG')
drop database Csdl_DINHDUONG;
go
create database Csdl_DINHDUONG;

use Csdl_DINHDUONG;

create table NGLIEU (
	MaNL int,
	Ten nchar varchar(100) NOT NULL,
	Nhom int,
	Calori float default 0,
	Protein float default 0,
	Lipit float default 0,
	Gluxit float default 0,
	Canci float default 0,
	Photpho float default 0,
	Sat float default 0,
	Caroten float default 0,
	B1 float default 0,
	B2 float default 0,
	PP float default 0,
	C float default 0,
 	constraint PK_NGLIEU primary key (MaNL)
);

create table NGLIEUKY (
	MaNL int,
	MaNLK int,
	constraint PK_NGLIEUKY primary key (MaNL, MaNLK),
	constraint FK1_NGLIEUKY foreign key (MaNL) references NGLIEU (MaNL),
	constraint FK2_NGLIEUKY foreign key (MaNLK) references NGLIEU (MaNL)
);

create table LOAIMONAN (
	Loai int,
	Ten nchar varchar(100) NOT NULL,
	constraint PK_LOAIMONAN primary key (Loai)
);

create table MONAN (
	MaMA int,
	Ten nchar varchar(100),
	Gia float default 0,
	Loai int,
	Calori float default 0,
	ProteinDV float default 0,
	ProteinTV float default 0,
	LipitDV float default 0,
	LipitTV float default 0,
	Gluxit float default 0,
	Canci float default 0,
	Photpho float default 0,
	Sat float default 0,
	Caroten float default 0,
	B1 float default 0,
	B2 float default 0,
	PP float default 0,
	C float default 0,
	constraint PK_MONAN primary key (MaMA),
	constraint FK_MONAN foreign key (Loai) references LOAIMONAN (Loai)
);

create table MONANKY (
	MaMA int,
	MaMAK int,
	constraint PK_MONANKY primary key (MaMA, MaMAK),
	constraint FK1_MONANKY foreign key (MaMA) references MONAN (MaMA),
	constraint FK2_MONANKY foreign key (MaMAK) references MONAN (MaMA)
);

create table TPMONAN (
	MaMA int,
	MaNL int,
	Luong float default 0,
	constraint PK_TPMONAN primary key (MaMA, MaNL),
	constraint FK1_TPMONAN foreign key (MaMA) references MONAN (MaMA),
	constraint FK2_TPMONAN foreign key (MaNL) references NGLIEU (MaNL)
);

create table BUAAN (
	MaBA int,
	Gia float default 0,
	Calori float default 0,
	Protein float default 0,
	Lipit float default 0,
	Gluxit float default 0,
	constraint PK_BUAAN primary key (MaBA)
);

create table TPBUAAN (
	MaBA int,
	MaMA int,
	constraint PK_TPBUAAN primary key (MaBA, MaMA),
	constraint FK1_TPBUAAN foreign key (MaBA) references BUAAN (MaBA),
	constraint FK2_TPBUAAN foreign key (MaMA) references MONAN (MaMA)
);

# LoaiMonan Data
insert into loaimonan values (1, 'Món Canh'
);
insert into loaimonan values (2, 'Món Mặn'
);
insert into loaimonan values (3, 'Món Tráng Miệng'
);
insert into loaimonan values (4, 'Cơm'
);

# Monan Data
insert into monan values (1,'Cơm',275,4,176.5,0,3.8,0,0.5,38.1,15,52,0.65,0,0.05,0.02,0.8,0);
insert into monan values (3,'Cá sốt cà',2650,2,51,8.75,0.3,0.55,0,2.1,27,99.5,1.4,1,0.06,0.06,0.25,20);
insert into monan values (4,'Patê gan',1500,2,59.5,9.4,0,1.8,0,1,3.5,176.5,6,3,0.2,1.06,8.1,9);
insert into monan values (5,'Cá kho',2500,2,41,8.75,0,0.55,0,0,21,86.5,0.7,0,0.03,0.04,0,0);
insert into monan values (6,'Xu xu cà rốt xào thịt',2500,2,110,9.5,1.45,3.5,0,7.95,27.5,32.5,1.1,1.5,0.06,0.05,0.45,26);
insert into monan values (7,'Thịt trứng hấp',2604,2,223.7,7.2,2.21,8.56,0.06,25.63,100.5,156.8,1.41,0.12,0.18,0.17,1.11,0.4);
insert into monan values (8,'Xíu mại',2000,2,134,8.25,0,10.75,0,0,4.5,89,0.75,0.01,0.25,0.08,1.35,1);
insert into monan values (9,'Bầu xào trứng',474,2,70.7,3.9,0.6,4.26,0,3.2,42.3,88,1.16,0.13,0.07,0.12,0.43,12);
insert into monan values (10,'Cá dồn thịt chiên',2300,2,154,8.25,0.6,10.75,0,4.2,16.5,115,2.15,2.01,0.31,0.12,1.85,41);
insert into monan values (11,'Đậu côve xào tôm',4750,2,121,9.2,5,0.9,0,13.3,586,197,0.7,1.2,0.34,0.19,2.6,25);
insert into monan values (12,'Mướp xào gan heo',1850,2,75.5,9.4,0.9,1.8,0,4,31.5,221.5,6.8,3.32,0.24,1.12,8.6,17);
insert into monan values (13,'Trứng thịt chiên',854,2,110.3,7.2,0,8.56,0,0.3,23.1,98.6,1.26,0.11,0.15,0.12,0.57,0.4);
insert into monan values (14,'Bắp cải xào',2275,2,149,8.25,0.9,10.75,0,2.7,28.5,104.5,1.3,0.01,0.28,0.11,1.55,1);
insert into monan values (15,'Trứng vịt chưng nấm rơm',1104,2,150.3,3.9,3.18,4.26,0.06,19.8,128.4,123.3,0.96,0.12,0.09,0.17,0.84,0);
insert into monan values (16,'Cá chưng tương 1',5040,2,208.6,8.75,3.48,0.55,0.08,37.2,139.7,178.6,1.32,0.61,0.09,0.13,0.96,12);
insert into monan values (17,'Mực xào thơm',3840,2,60.5,8.15,0.58,0.45,0,4.51,18.1,91.3,0.97,0.64,0.06,0.05,0.81,24);
insert into monan values (18,'Tôm rang',3250,2,46,9.2,0,0.9,0,0,560,75,0,0,0,0,0,0);
insert into monan values (19,'Giá xào gan',1750,2,81.5,9.4,0.75,1.8,0,3.65,22.5,222,6.7,3,0.3,1.12,8.1,14);
insert into monan values (20,'Sườn non rim',3600,2,192,17.9,0,12.8,0,0,0,0,0,0,0,0,0,0);
insert into monan values (21,'Cải bó xôi xào thịt bò',4800,2,103.5,9,0.7,5.25,0,1.2,55,97.35,1.35,0.05,0.05,0.14,2.1,0.5);
insert into monan values (22,'Thịt gà kho xả',6000,2,205,20.3,0,13.1,0,0,12,200,1.5,0.12,0.15,0.16,8.1,4);
insert into monan values (23,'Đậu hũ dồn thịt sốt cà',1280,2,140.6,3.8,6.94,1.4,8.2,2.08,4.8,10.4,0.56,0.8,0.04,0.02,0.2,16);
insert into monan values (24,'Thịt lạc chưng',862.5,2,117.1,3.8,4.13,1.4,6.68,2.33,10.2,63,0.33,0,0.07,0.02,2.4,0);
insert into monan values (25,'Thịt xào rau hỗn hợp',1155,2,44.5,3.8,1.02,1.4,0,2.88,17.25,21,0.42,0.18,0.03,0.03,0.18,17.7);
insert into monan values (26,'Thịt bò xào sốt cà chua',2760,2,55.3,5.4,0.12,3.15,0,0.84,35.4,63.61,1.09,0.43,0.04,0.09,1.36,8.3);
insert into monan values (27,'Thịt bò kho dứa',2900,2,67.4,5.4,0.36,3.15,0.16,2.81,40.12,65.34,1.01,1.89,0.06,0.09,1.35,9.9);
insert into monan values (28,'Tôm rim me',3025,2,90.8,6.44,1.57,0.63,0.04,13.01,478.9,91.7,0.58,0.01,0.02,0.01,0.04,2);
insert into monan values (29,'Tép gạo rang khế',280,2,23.75,2.58,0.06,1.26,0,0.31,137.95,42.4,0.08,0,0.03,0.01,0.14,3.1);
insert into monan values (30,'Cá chưng tương 2',2235,2,72.04,8.15,1.15,1.88,0.04,4.08,37.24,30.72,0.92,0.8,0.03,0.02,0.16,13.3);
insert into monan values (31,'Chả mực hấp',1597,2,108.12,9.14,0.13,6.66,0,2.04,32.3,125.1,1.71,0.58,0.1,0.15,0.48,8.1);
insert into monan values (32,'Mực xào thập cẩm',1910,2,37.95,5.16,0.33,0.88,0,1.73,11.05,39.4,0.42,0.3,0.02,0.03,0.35,7.5);
insert into monan values (33,'Canh rau dền thịt heo',575,1,36.8,1.65,1.15,2.15,0,1.25,50.9,40.8,0.15,9.6,0.07,0.09,0.92,17.7);
insert into monan values (34,'Canh cà chua trứng',213,1,76.15,4.55,0.3,4.97,0,2.45,30.85,86.5,1.82,1.13,0.08,0.13,0.29,20);
insert into monan values (35,'Canh cải tép tươi',1475,1,26.4,3.68,0.7,0.36,0,1.3,249,45,0.35,0,0.05,0.04,0,13);
insert into monan values (36,'Canh súp',2220,1,51.3,3.6,0.69,2.1,0,3.51,34.9,50.64,0.78,0.32,0.04,0.07,0.96,3.8);
insert into monan values (37,'Rau câu trái cây',240,3,56.39,0,0.03,0,0,15.65,0.51,0.52,0.04,0,0,0,0.01,0.31);
insert into monan values (38,'Canh đậu hũ hẹ nấu thịt',875,1,74,1.65,5.46,2.15,2.16,1.18,38.5,74.3,0.8,1.75,0.08,0.06,0.72,9.7);
insert into monan values (39,'Canh đậu hũ cà chua',750,1,76,1.65,4.66,2.15,2.16,2.38,16.5,64.8,0.85,1,0.09,0.04,0.52,20.2);
insert into monan values (40,'Canh bí đao nấu thịt',635,1,32.8,1.65,0.3,2.15,0,1.2,13.9,29.3,0.3,0.01,0.06,0.03,0.42,8.2);
insert into monan values (41,'Bơ dầm',2230,3,48.14,0,1.2,0,0.5,7.44,0,0,0,0,0,0,0,0);
insert into monan values (42,'Canh bí đỏ đậu phộng',310,1,72.5,0,2.9,0,4.45,4.65,18.8,50,0.47,0.1,0.07,0.03,1.8,4);
insert into monan values (43,'Canh bắp cải nấu thịt',505,1,29.3,1.9,0.9,0.7,0,2.7,24,15.5,0.55,0,0.03,0.03,0.2,0);
insert into monan values (44,'Canh rau muống nấu cua đồng',750,1,100.5,12.3,1.6,3.3,0,3.25,5090,448.5,5.4,1.45,0.06,0.56,2.45,11.5);
insert into monan values (45,'Canh bầu nấu cá thác lác',2010,1,14.8,1.81,0.3,0.02,0,1.53,15.5,12.5,0.14,0.01,0.02,0.02,0.2,6);
insert into monan values (46,'Canh chua thơm',840,1,33.2,1.75,0.72,0.11,0,4.27,19.9,48.4,0.99,0.62,0.09,0.05,0.22,21.2);
insert into monan values (47,'Bí hầm dừa',325,1,127.5,0,1.59,0,10.8,4.96,21,54.2,0.85,0.1,0.06,0.02,0.26,4.6);
insert into monan values (48,'Măng chua nấu thịt gà',1100,1,195,2.03,0.25,1.31,0,42.35,1.2,20,0.15,0.01,0.02,0.02,0.81,0.4);
insert into monan values (49,'Canh khoai mỡ',875,1,54.7,1.84,0.8,0.18,0.05,10.65,116.5,15,0.95,0,0.06,0.02,0.2,3);
insert into monan values (50,'Canh cải bẹ xanh nấu cá thác lác',2050,1,18.3,1.81,1.05,0.02,0,2.13,66.5,0,0.74,0.18,0.05,0.11,0.9,110);
insert into monan values (51,'Chuối',400,3,1,0,0.01,0,0.01,0.2,0.01,0,0,0,0,0,0,0);
insert into monan values (52,'Thanh Long',1000,3,66.25,0,1.25,0,0,15,0,0,0,0,0,0,0,50);
insert into monan values (53,'Xoài',1500,3,57,0,0.7,0,0,14.7,15,0,0,0,0,0,0,0);
insert into monan values (54,'Cam',2400,3,68.8,0,1.44,0,0,13.44,54.4,36.8,0.64,0.48,0.13,0.05,0.32,64);
insert into monan values (55,'Bòn bon',3500,3,68,0,1.1,0,0,17.6,12,0,0.5,0,0.07,0.06,0.9,0);
insert into monan values (56,'Vải',2800,3,376,0,7.8,0,0,84,0,0,0,0,0,0,0,0);
insert into monan values (57,'Đu đủ',1110,3,66.6,0,1.85,0,0,14.25,74,59.2,4.81,2.78,0.04,0.04,0,99.9);
insert into monan values (58,'Táo tây',1600,3,61.2,0,0.48,0,0,13.56,22.8,15.6,3,0.12,0.05,0.04,0.24,8.4);
insert into monan values (59,'Cá nấu ngót',4029,1,118.26,17.5,0.29,3.29,0,4.04,10.51,9.83,0.75,0.57,0.05,0.01,0.17,14.8);
insert into monan values (60,'Canh bắp cải nhồi thịt',1465,1,97.7,4.95,1.03,6.45,0,3.13,34.7,68.9,1.1,0.62,0.18,0.08,1.11,6.6);
insert into monan values (61,'Cá thu kho mía',3355,2,191.34,13.75,0,2.59,0,27.84,3.85,0,0.22,0,0.02,0,0,0);
insert into monan values (62,'Cà chua dồn cá',9888.5,2,89.95,9.05,1.59,0.1,0.05,11.16,56.98,54.23,2.44,3,0.12,0.07,0.83,60);
insert into monan values (63,'Cá thu kho nước dừa',3985,2,118.64,17.5,0.14,3.29,0,4.52,25.9,10.15,0.39,0,0.02,0,0,18.9);
insert into monan values (64,'Bò kho khế',2794,2,56.48,5.4,0.07,3.15,0,1.32,34.2,59.37,0.81,0.03,0.03,0.08,1.26,3.9);
insert into monan values (65,'Thịt kho thơm',250,2,151,8.25,0.4,10.75,0,3.25,12,97.5,1,0.05,0.29,0.09,1.46,13);
insert into monan values (66,'Trứng cà chua chiên',276,2,142.3,9.1,0.3,9.94,0,2.8,55.7,160,2.94,1.25,0.14,0.23,0.32,20);
insert into monan values (67,'Canh cua mồng tơi',311,1,19.3,1.59,0.67,0.57,0,1.18,76.6,30.14,1.26,0.1,0.01,0.02,0.15,16.8);
insert into monan values (68,'Su su hầm thịt',1506,1,66.27,6.65,0.69,2.45,0,3.34,4.21,2.99,0.01,0,0,0,0.03,3);
insert into monan values (69,'Canh tôm bí đao',2622,1,41.06,6.44,0.45,0.63,0,1.77,411.8,68.6,0.23,0.13,0.01,0.02,0.23,12.4);
insert into monan values (70,'Canh cá thát lát nấu cải',9568,1,62.56,9.05,2.34,0.1,0,5,161.9,0,1.76,0.52,0.11,0.24,2,243.2);
insert into monan values (71,'Canh bầu nấu cua',512,1,25.86,2.12,0.45,0.76,0,2.12,60.3,30.7,1.52,0.14,0.01,0.02,0.3,9.6);
insert into monan values (72,'Canh củ cải nấu thịt nạc',1358,1,58.06,5.7,1.08,2.1,0,2.68,29.6,28.7,0.79,0.12,0.04,0.04,0.37,22.2);
insert into monan values (73,'Canh rau tần ô nấu cá thác lác',6608,1,69.66,6.63,1.15,0.66,0,7.96,89.2,28.1,0.7,0.32,0.02,0.02,0.16,1.2);
insert into monan values (74,'Canh bí đao (bí xanh)',2023,1,118,6.6,0.54,8.6,0,2.16,27,91.9,0.87,0.01,0.21,0.08,1.35,15.2);
insert into monan values (75,'Canh cải thịt bò',3615,1,88.05,7.5,1.58,1.74,0,9.38,124.35,69.3,1.98,0.27,0.09,0.22,2.61,165.3);
insert into monan values (76,'Canh mướp tôm',2615,1,62.04,5.52,0.87,0.54,0.01,7.51,364.74,86.52,0.61,0.22,0.03,0.05,0.4,5.6);
insert into monan values (77,'Canh chua bắp cải',330,1,36.61,2.34,1.32,0.24,0,4.64,218.3,71.38,1.09,0.6,0.05,0.04,0.39,12);
insert into monan values (78,'Canh đậu hũ',1730,1,98.3,5.7,5.48,2.1,1.62,3.24,63.4,88.8,1.46,2.79,0.09,0.11,0.72,18.2);
insert into monan values (79,'Canh su su tôm khô',2400,1,86.4,5.02,0.56,1.15,0,13.09,47.5,2.5,0,0,0,0,0,2.8);
insert into monan values (80,'Gà kho gừng',4225,2,143.5,14.21,0,9.17,0,0,8.4,140,1.05,0.08,0.11,0.11,5.67,2.8);
insert into monan values (81,'Chả cá thát lát kho',14492,2,79.64,14.48,0.07,1.16,0,2.76,42.56,1.47,0.36,0.12,0.04,0,0.03,1.5);
insert into monan values (82,'Thịt bò kho khế',7360,2,151.2,14.4,0.12,8.9,0,2.51,90,157.36,2.16,0.08,0.08,0.22,3.36,6.8);
insert into monan values (83,'Thịt heo kho dừa',3050,2,200.96,11.55,0.12,15.05,0,3.33,24.3,133.3,1.14,0.01,0.35,0.11,1.89,17.6);
insert into monan values (84,'Bưởi',600,3,38,0,0.2,0,0,7.3,23,18,0.5,0.02,0.04,0.02,0.3,95);
insert into monan values (85,'Trứng đúc thập cẩm',1208,2,166.5,11.66,0.12,12.06,0,1.53,102.1,147.45,2.2,0.62,0.1,0.19,0.16,8);
insert into monan values (86,'Bò nấu khoai',6798,2,161.76,12.6,1.32,7.35,0.18,8.55,92.4,167.94,2.56,2.32,0.12,0.22,3.33,5.74);
insert into monan values (87,'Tôm xào khế chua',5533,2,88.51,14.72,0.96,1.44,0.37,1.86,905.7,137,0.25,0.19,0.01,0.01,0.08,13.88);
insert into monan values (88,'Chôm chôm',350,3,78,0,1.4,0,0,15.8,11,0,0.5,0,0.01,0.06,0.4,85);
insert into monan values (89,'Dưa hấu',450,3,15,0,1.2,0,0,2.5,8,13,1,0.2,0.04,0.04,0.2,7);
insert into monan values (90,'Mận',480,3,19.2,0,0.48,0,0,4.2,14.4,7.2,0.6,0,0,0,0,36);
insert into monan values (91,'Mẵng cầu (na)',3750,3,99,0,2.4,0,0,21.75,52.5,67.5,0,0,0,0,0,0);
insert into monan values (92,'Nhãn',400,3,49,0,0.9,0,0,11,21,12,0,0,0,0,0,0);
insert into monan values (93,'Nho',1280,3,58.4,0,0.32,0,0,13.2,13.6,17.6,0.48,0.04,0.05,0.03,0.16,0);
insert into monan values (94,'Táo ta',1000,3,38,0,0.8,0,0,8.5,44,25,0.2,0.01,0.06,0.04,0.6,24);

# MonanKy Data
insert into monanky values (93, 86);
insert into monanky values (86, 93);
insert into monanky values (37, 45);
insert into monanky values (45, 37);
insert into monanky values (37, 39);
insert into monanky values (39, 37);


# Nglieu Data
insert into nglieu values (1,'Gạo nếp',1,355,8.2,1.5,74.9,32,98,0,0,0.14,0,0,0);
insert into nglieu values (2,'Gạo tẻ',1,353,7.6,1,76.2,30,104,1.3,0,0.1,0.03,1.6,0);
insert into nglieu values (3,'Kê',1,340,7,3,69,22,290,2.7,0.12,0.4,0.09,1.6,0);
insert into nglieu values (4,'Bắp tươi (hột)',1,201,4.1,2.3,39.6,20,187,1.5,0.34,0.21,0.06,1.6,0);
insert into nglieu values (5,'Bắp luộc',1,171,3.9,2.2,32.9,18,146,0.8,0,0,0,0,0);
insert into nglieu values (6,'Bột gạo',1,368,6.6,0.4,82.2,0,0,0,0,0.08,0,0,0);
insert into nglieu values (7,'Bột mì loại một',1,354,11,1.1,72.9,29,132,2,0,0.18,0.13,1,0);
insert into nglieu values (8,'Bột mì tinh (bột năng',1,342,0.7,0.4,84.7,13,0,1.8,0,0.09,0,0,0);
insert into nglieu values (9,'Bột nếp',1,372,8.2,1.6,78.8,0,0,0,0,0,0,0,0);
insert into nglieu values (10,'Bánh bò',1,209,1.1,0.4,50.3,65,0,0.9,0,0.02,0.01,0,0);
insert into nglieu values (11,'Bánh canh',1,145,3.2,0,32.1,16,64,0.3,0,0,0,0,0);
insert into nglieu values (12,'Bánh đa (bánh tráng ngọt)',1,374,5.5,1,79,54,0,3.4,0,0.01,0,0,0);
insert into nglieu values (13,'Bánh tráng',1,342,4,0.2,78.9,20,65,0.3,0,0,0,0,0);
insert into nglieu values (14,'Bánh lọt',1,52,1,0.1,11.4,50,19,0.4,0,0,0,0,0);
insert into nglieu values (15,'Bánh ú tro có nhân',1,154,3.9,0.7,32.9,14,0,0,0,0,0,0,0);
insert into nglieu values (16,'Bánh mì ngọt',1,365,7,1.1,81.7,109,164,2,0,0.08,0.08,0,0);
insert into nglieu values (17,'Bánh mì lạt',1,255,7.9,0.8,52.6,28,164,2,0,0.1,0.07,0.7,0);
insert into nglieu values (18,'Mì gói',1,407,12,12.4,61.9,153,120,1.6,0.01,0.04,0.01,0,0);
insert into nglieu values (19,'Bánh phở',1,145,3.2,0,32.1,16,64,0.3,0,0,0,0,0);
insert into nglieu values (20,'Bún',1,112,1.7,0,25.7,12,32,0.2,0,0,0,0,0);
insert into nglieu values (21,'Cốm dẹp',1,304,6.1,0.8,66.3,24,143,1,0,0,0,0,0);
insert into nglieu values (22,'Miến (bún tàu)',1,340,0.6,0.1,82.2,40,120,1,0,0,0,0,0);
insert into nglieu values (23,'Mì sợi',1,358,11,0.9,74.2,34,97,1.5,0,0,0,0,0);
insert into nglieu values (24,'Mì thánh',1,359,11,1.1,74,34,97,1.5,0,0.1,0.04,1.1,0);
insert into nglieu values (25,'Nui',1,345,11,0.5,74.2,22,0,0.9,0,0.2,0.03,0,0);
insert into nglieu values (26,'Khoai lang',2,122,0.8,0.2,28.5,34,49.4,1,0.3,0.05,0.05,0.6,23);
insert into nglieu values (27,'Khoai môn',2,111,1.5,0.2,25.2,44,44,0.8,0,0.09,0.03,0.1,4);
insert into nglieu values (28,'Khoai sọ',2,117,1.8,0.1,26.5,64,75,1.5,0.02,0.06,0.03,0.1,4);
insert into nglieu values (29,'Khoai tây',2,94,2,0,21,10,50,1.2,0,0.1,0.05,0.9,10);
insert into nglieu values (30,'Khoai mỡ',2,91,1.6,0.1,21.3,9,0,1.9,0,0.12,0.03,0.4,6);
insert into nglieu values (31,'Củ năng',2,85,1.4,0.2,19.8,5,0,1.3,0,0.01,0.02,0.9,2);
insert into nglieu values (32,'Củ ấu',2,118,3.6,0.5,24,9,49,0.7,0.01,0.23,0.05,1.9,5);
insert into nglieu values (33,'Củ mì tinh',2,122,1.4,0,28.4,42,21,0,0,0,0,0,0);
insert into nglieu values (34,'Khoai mì',2,156,1.1,0.2,36.4,25,30,1.2,0,0.03,0.03,0.6,0);
insert into nglieu values (35,'Củ từ (khoai từ)',2,94,1.5,0,21.5,28,30,0.2,0,0,0,0,2);
insert into nglieu values (36,'Bột khoai',2,349,0.5,0,84.7,0,0,0,0,0,0,0,0);
insert into nglieu values (37,'Bột bán',2,350,1,0,84.3,30,50,2,0,0,0,0,0);
insert into nglieu values (38,'Cơm dừa già',3,380,4.8,36,6.2,30,154,2,0,0.1,0.01,0.2,2);
insert into nglieu values (39,'Nước dừa tươi',3,22,0.4,0,4.8,60,29,0.3,0,0,0,0,54);
insert into nglieu values (40,'Cơm dừa non',3,41,3.5,1.7,2.6,4,53,0,0,0,0,0,0);
insert into nglieu values (41,'Đậu cove (hạt)',3,329,21.8,1.6,54.9,96,360,0,0,0,0,0,0);
insert into nglieu values (42,'Đậu đen',3,334,24.2,1.7,53.3,56,354,6.1,0.06,0.5,0.21,1.8,3);
insert into nglieu values (43,'Đậu hà lan (hạt)',3,327,21.8,1.2,55.2,99,318,2.1,0,0,0,0,0);
insert into nglieu values (44,'Đậu trắng',3,335,23.2,2.1,53.8,160,514,6.8,0.02,0.54,0.18,2.1,3);
insert into nglieu values (45,'Đậu rằn',3,329,25.8,2,50,0,0,0,0,0,0,0,0);
insert into nglieu values (46,'Đậu nành',3,411,34,18.4,24.6,165,690,11,0.06,0.54,0.29,2.3,4);
insert into nglieu values (47,'Đậu xanh',3,341,28.3,2.2,49.8,88,400,0,0,0,0,0,0);
insert into nglieu values (48,'Hạt bí đỏ rang',3,534,35.1,31.8,23,238,900,2.2,0.47,0.15,0.15,3,0);
insert into nglieu values (49,'Đậu phộng (hạt)',3,590,27.5,44.5,15.5,68,420,2.22,0.02,0.44,0.12,16,0);
insert into nglieu values (50,'Mè',3,586,20.1,46.4,17.6,1200,379,10,0.03,0.3,0.15,4.5,0);
insert into nglieu values (51,'Bột đậu nành',3,428,41,18,22.9,0,0,0,0,0,0,0,0);
insert into nglieu values (52,'Bột đậu xanh',3,356,24.6,2.5,56.5,0,0,0,0,0,0,0,0);
insert into nglieu values (53,'Bơ đậu phộng',3,593,27.5,45,15,80,380,3,0,0.4,0.11,15.1,0);
insert into nglieu values (54,'Đậu hũ',3,98,10.9,5.4,0.7,24,85,0,0,0.03,0,0,0);
insert into nglieu values (55,'Đậu hũ chiên',3,208,13.4,16.4,0.8,0,0,0,0,0.04,0,0,0);
insert into nglieu values (56,'Tàu hũ ky',3,426,50.2,20.8,6.5,325,225,10.8,0,0,0,0,0);
insert into nglieu values (57,'Sữa đậu nành(100g/1lit)',3,29,3.1,1.5,0.4,0,0,0,0,0,0,0,0);
insert into nglieu values (58,'Sữa đậu nành(150g/1lit)',3,36,4.8,1.5,0.6,0,0,0,0,0,0,0,0);
insert into nglieu values (59,'Sữa đậu nành(200g/1lit)',3,45,6.6,1.5,0.9,0,0,0,0,0,0,0,0);
insert into nglieu values (60,'Tàu hũ non',3,37,1.6,0,7.8,41,1.3,1.3,0,0.06,0.2,0,0);
insert into nglieu values (61,'Bầu',4,14,0.6,0,2.9,21,25,0.2,0.02,0.02,0.03,0.4,12);
insert into nglieu values (62,'Bí đao (bí xanh)',4,12,0.6,0,2.4,26,23,0.3,0.01,0.01,0.02,0.3,16);
insert into nglieu values (63,'Bí ngô (bí đỏ)',4,27,0.3,0,6.2,24,16,0.5,0.2,0.06,0.03,0.4,8);
insert into nglieu values (64,'Cà dĩa',4,22,1.2,0,4.2,12,16,0.7,0.04,0.03,0.04,0.5,3);
insert into nglieu values (65,'Cà chua',4,20,0.6,0,4.2,12,26,1.4,2,0.06,0.04,0.5,40);
insert into nglieu values (66,'Cà rốt (củ đỏ)',4,39,1.5,0,8,43,39,0.8,1,0.06,0.06,0.4,8);
insert into nglieu values (67,'Cà rốt (củ vàng)',4,39,1.5,0,8,43,39,0.8,9,0.06,0.06,0.4,8);
insert into nglieu values (68,'Cà tím',4,23,1,0,4.5,15,34,0.4,0.02,0.04,0.05,0.6,15);
insert into nglieu values (69,'Bắp cải',4,30,1.8,0,5.4,48,31,1.1,0,0.06,0.05,0.4,0);
insert into nglieu values (70,'Cải cúc (tần ô)',4,14,1.6,0,1.9,63,38,0.8,0.28,0.01,0.03,0.2,0);
insert into nglieu values (71,'Cải soong',4,14,2.1,0,1.4,69,28,1.6,0,0,0,0,25);
insert into nglieu values (72,'Cải trắng,cải ngọt',4,16,1.4,0,2.6,50,30,0.7,0,0.09,0.07,0,26);
insert into nglieu values (73,'Cải xanh',4,21,2.1,0,4.1,123,0,1.4,0.36,0.08,0.22,1.8,220);
insert into nglieu values (74,'Cần ta',4,10,1,0,1.5,310,64,0,0.1,0.04,0.03,0.3,6);
insert into nglieu values (75,'Cần tây',4,48,3.7,0,8.1,325,128,8,10,0,0,0,150);
insert into nglieu values (76,'Chuối xanh',4,74,1.2,0,16.8,26,27,0.4,0.01,0.05,0,0,0);
insert into nglieu values (77,'Củ dền',4,50,1.3,0,10.8,28,43,1.4,0.01,0.02,0.05,0.4,20);
insert into nglieu values (78,'Củ cải trắng',4,21,1.5,0,3.7,40,41,1.1,0,0.06,0.06,0.5,30);
insert into nglieu values (79,'Củ sắn',4,29,1,0,6,8,16,0,0,0,0,0,6);
insert into nglieu values (80,'Bạc hà',4,5,0.4,0,0.8,0,0,0,0,0,0,0,0);
insert into nglieu values (81,'Dưa chuột(dưa leo)',4,16,0.8,0,3,23,27,1,0.3,0.03,0.04,0.1,5);
insert into nglieu values (82,'Dưa hường',4,17,0.3,0,3.8,27,12,0.4,0.2,0.02,0.02,0.5,7);
insert into nglieu values (83,'Đậu cove',4,75,5,0,13.3,26,122,0.7,1.2,0.34,0.19,2.6,25);
insert into nglieu values (84,'Đậu đũa',4,59,6,0,8.3,47,16,1.6,0.5,0.29,0.18,1.8,3);
insert into nglieu values (85,'Đậu hà lan',4,72,6.5,0,11,57,43,0.8,0,0.4,0,0,0);
insert into nglieu values (86,'Đậu bắp',4,40,2.1,0.2,7.7,87,0,0.5,0.01,0.04,0.07,0.9,12);
insert into nglieu values (87,'Đậu rồng',4,23,2.1,0.3,3.2,40,0,1.9,0.04,0.15,0.07,0.8,3);
insert into nglieu values (88,'Đu đủ xanh',4,22,0.8,0,4.6,63,50,0.9,0,0,0,0.1,0);
insert into nglieu values (89,'Gấc',4,125,2.1,7.9,10.5,56,6.4,0,91.6,0,0,0,0);
insert into nglieu values (90,'Giá đậu xanh',4,44,1.5,0,5.3,38,91,1.4,0,0.2,0.13,0,10);
insert into nglieu values (91,'Hành củ tươi',4,25,1.3,0,4.8,32,49,0.7,0.03,0.03,0.04,0.2,10);
insert into nglieu values (92,'Hành lá (hành hoa)',4,23,1.3,0,4.3,80,0,1,6.2,0.03,0.1,1,60);
insert into nglieu values (93,'Hành tây',4,41,1.8,0,8.3,38,58,0.8,0.03,0.03,0.04,0.2,10);
insert into nglieu values (94,'Hẹ lá',4,16,2.2,0,1.8,56,45,1.3,3.49,0.03,0.09,0.9,19);
insert into nglieu values (95,'Hoa chuối',4,20,1.5,0,3.5,44,32,0.9,0,0,0,0,5);
insert into nglieu values (96,'Khế',4,15,0.6,0,3.1,10,8,0,0,0,0,0,30);
insert into nglieu values (97,'Măng tre',4,14,1.7,0,1.7,22,58,1,0.08,0.08,0.08,0.6,1);
insert into nglieu values (98,'Mướp',4,16,0.9,0,3,28,45,0.8,0.32,0.04,0.06,0.5,8);
insert into nglieu values (99,'Nụ mướp',4,30,4.9,0,2.5,140,80,1.2,0,0,0,0,0);
insert into nglieu values (100,'Me chua',4,27,1.9,0,4.8,130,46,0.4,0,0,0,0,0);
insert into nglieu values (101,'Ngó sen',4,62,1,0,14,19,51,0.5,0,0,0,0,0);
insert into nglieu values (102,'Rau đay',4,25,2.8,0,3.2,182,57.3,0,0,0,0,0,77);
insert into nglieu values (103,'Rau dền',4,20,2.3,0,2.5,100,46,0,19.2,0.04,0.14,1.3,35);
insert into nglieu values (104,'Rau má',4,21,1.3,0.2,4.4,193,0,2.3,0.6,0.05,0.2,1.5,5);
insert into nglieu values (105,'Rau mồng tơi',4,14,2,0,1.4,176,33.7,0,0,0,0,0,72);
insert into nglieu values (106,'Rau muống',4,23,3.2,0,2.5,100,37,1.4,2.9,0.1,0.09,0.7,23);
insert into nglieu values (107,'Rau ngót',4,36,5.3,0,3.4,169,64.5,0,0,0,0,0,185);
insert into nglieu values (108,'Rau sà lách',4,15,1.5,0,2.2,77,34,0.9,2.2,0.14,0.12,0.7,15);
insert into nglieu values (109,'Rau ngò',4,14,2.6,0,0.7,0,0,0,0.9,0,0,0,140);
insert into nglieu values (110,'Rau om',4,16,1.5,0,2.3,84,18,0,0,0,0,0,5);
insert into nglieu values (111,'Rau lang',4,22,2.6,0,2.8,48,54,0,0,0,0,0,11);
insert into nglieu values (112,'Rau nhút',4,28,5.1,0,1.8,180,59,0,0,0,0,0,0);
insert into nglieu values (113,'Rau thơm các loại',4,18,2,0,2.4,170,49,0,3.7,0.14,0.15,1,41);
insert into nglieu values (114,'Su hào',4,37,2.8,0,6.3,46,50,0.6,0.15,0.06,0.05,0.2,40);
insert into nglieu values (115,'Su su',4,18,0.8,0,3.7,0,0,0,0,0,0,0,4);
insert into nglieu values (116,'Súp lơ (bông cải)',4,30,2.5,0,4.9,26,51,1.4,0.05,0.11,0.1,0.6,70);
insert into nglieu values (117,'Thì là',4,23,2.6,0,2.9,200,12.2,1.2,2.61,0.05,0.12,0.7,63);
insert into nglieu values (118,'Tía tô',4,26,2.9,0,3.4,190,83.3,0,0,0,0,0,13);
insert into nglieu values (119,'Tỏi',4,121,6,0,23.5,24,181,1.5,0,0.24,0.03,0.09,0);
insert into nglieu values (120,'Tỏi tây (poa rô)',4,30,1.4,0,5.9,80,58,2,0.02,0.06,0.04,0.5,20);
insert into nglieu values (121,'Dưa cải',4,13,1.1,0,1.3,63,41,0,0,0,0,0,0);
insert into nglieu values (122,'Cải bó xôi',4,36,1.4,0,2.4,0,0,0,0,0,0,0,0);
insert into nglieu values (123,'Nước bí đỏ',5,14,0.1,0,3.4,12,4.8,0,0,0,0,0,1);
insert into nglieu values (124,'Nước bí xanh',5,9,0.1,0,2.1,13,5,0,0,0,0,0,1);
insert into nglieu values (125,'Nước củ cải trắng',5,4,0.1,0,0.8,7,2.5,0,0,0,0,0,9);
insert into nglieu values (126,'Nước khoai tây cà rốt,bắp cải',5,11,0.9,0,1.9,40,18,0,0,0,0,0,0);
insert into nglieu values (127,'Nước rau cải trắng',5,0,0,0,0,28,0.6,0,0,0,0,0,0);
insert into nglieu values (128,'Nước rau cải xanh',5,0,0,0,0,72,3.2,0,0,0,0,0,0);
insert into nglieu values (129,'Nước rau muống',5,3,0.6,0,0.1,12,8,0,0,0,0,0,11);
insert into nglieu values (130,'Nước rau ngót',5,8,1.3,0,0.6,15,1.5,0,0,0,0,0,49);
insert into nglieu values (131,'Nấm rơm',6,31,3.6,0.4,3.2,28,80,1.2,0,0,0,0,0);
insert into nglieu values (132,'Mộc nhĩ (nấm mèo)',6,312,10.6,0.2,65,357,201,0,0.03,0.15,0.25,2.7,0);
insert into nglieu values (133,'Bơ',7,781,0.5,83.5,0.5,0,0,0,0.6,0.6,0,0,0);
insert into nglieu values (134,'Bơ mặn',7,776,0.5,83,0.5,0,0,0,0.6,0,0,0,0);
insert into nglieu values (135,'Dầu thảo mộc',7,884,0,98.2,0,0,0,0,0,0,0,0,0);
insert into nglieu values (136,'Mỡ lợn nước',7,927,0,99.7,0,0,0,0,0,0,0,0,0);
insert into nglieu values (137,'Thịt bò loại I',8,171,18,10.5,0,110,194.7,2.7,0.1,0.1,0.27,4.2,1);
insert into nglieu values (138,'Thịt bò loại II',8,121,21,3.8,0,12,226,3.1,0,0.1,0.17,4.2,1);
insert into nglieu values (139,'Bầu dục bò (cật bò)',8,69,12.5,1.8,0.3,9,219,7.1,0.33,0.4,1.75,5.1,6);
insert into nglieu values (140,'Gan bò',8,112,17.4,3.1,3,5,340,9,5.2,0.4,3.2,17,0);
insert into nglieu values (141,'Óc bò',8,125,9,9.5,0,6,311,0.9,0,0.13,0.21,3.8,0);
insert into nglieu values (142,'Tim bò',8,89,15,3,0,5,185,5.4,0,0.31,0.49,6.8,0);
insert into nglieu values (143,'Tiết bò (huyết bò)',8,76,18,0.2,0,8,31,22.6,0,0,0,0,0);
insert into nglieu values (144,'Thịt heo ba chỉ',9,268,16.5,21.5,0,9,178,1.5,0.01,0.5,0.16,2.7,2);
insert into nglieu values (145,'Thịt heo đùi',9,268,16.5,21.5,0,9,178,1.5,0.01,0.5,0.16,2.7,2);
insert into nglieu values (146,'Thịt heo nạc dăm',9,268,16.5,21.5,0,9,178,1.5,0.01,0.5,0.16,2.7,2);
insert into nglieu values (147,'Thịt heo nạc',9,143,19,7,0,0,0,0,0,0,0,0,0);
insert into nglieu values (148,'Chân giò heo',9,237,15.7,18.6,0,0,0,0,0,0,0,0,0);
insert into nglieu values (149,'Sườn heo',9,192,17.9,12.8,0,0,0,0,0,0,0,0,0);
insert into nglieu values (150,'Đầu heo',9,346,13.4,31.3,0,0,0,0,0,0,0,0,0);
insert into nglieu values (151,'Bầu dục heo (cật heo)',9,83,13,3.1,0.3,8,233,8,0.15,0.38,1.12,4.8,5);
insert into nglieu values (152,'Bì heo',9,121,23.3,2.7,0,11,8,0.4,0,0,0,0,0);
insert into nglieu values (153,'Dạ dày heo',9,87,14.6,2.9,0,8,144,1.4,0,0.05,0.18,2.5,0);
insert into nglieu values (154,'Gan heo',9,119,18.8,3.6,2,7,353,12,6,0.4,2.11,16.2,18);
insert into nglieu values (155,'Lưỡi heo',9,177,14.2,12.8,0,7,118,2.4,0,0.08,0.23,3,0);
insert into nglieu values (156,'Óc heo',9,125,9,9.5,0,7,311,1.6,0,0.14,0.19,2.8,0);
insert into nglieu values (157,'Đuôi heo',9,482,10.8,47.1,0,0,0,0,0,0,0,0,0);
insert into nglieu values (158,'Tiết heo luộc',9,45,10.7,0.1,0,0,0,0,0,0,0,0,0);
insert into nglieu values (159,'Tiết heo sống',9,24,5.7,0.1,0,0,0,0,0,0,0,0,0);
insert into nglieu values (160,'Tim heo',9,92,15.1,3.2,0,7,213,5.9,0,0.34,0.52,5.7,1);
insert into nglieu values (161,'Tủy xương heo',9,774,2.3,82.2,0,0,0,0,0,0,0,0,0);
insert into nglieu values (162,'Chả chiên',9,534,10,50.4,5.1,20,100,0,0,0,0,0,0);
insert into nglieu values (163,'Chả quế',9,370,15.7,30.4,5.6,20,100,0,0,0,0,0,0);
insert into nglieu values (164,'Jambon',9,327,23,25.5,0,10,110,2.1,0,0.4,0.19,3.8,0);
insert into nglieu values (165,'Giò lụa',9,139,21.5,5.5,0,0,0,0,0,0,0,0,0);
insert into nglieu values (166,'Lạp xưởng',9,604,20.8,55,1.7,22,175,0,0,0,0,0,0);
insert into nglieu values (167,'Ruốc heo',9,326,65.6,3.6,5.8,0,0,0,0,0,0,0,0);
insert into nglieu values (168,'Xương heo',9,120,4,2,21,95,5,0,0,0,0,0,0);
insert into nglieu values (169,'Paté heo',9,131.3,13.9,5.3,2,0,0,0,0,0,0,0,0);
insert into nglieu values (170,'Thịt vịt loại I',10,540,11.4,53,0,13,145,1.8,0.27,0.07,0.15,4.7,0);
insert into nglieu values (171,'Thịt vịt loại II',10,276,17.8,21.8,0,13,145,1.8,0.03,0.07,0.15,4.7,0);
insert into nglieu values (172,'Thịt vịt non loại I',10,318,15.8,27.2,0,0,0,0,0,0,0,0,0);
insert into nglieu values (173,'Thịt vịt non loại II',10,224,10.5,19.5,0,0,0,0,0,0,0,0,0);
insert into nglieu values (174,'Gan vịt',10,125,17.1,4.7,2.8,17,177,4.8,2.96,0.44,1.28,9.1,7);
insert into nglieu values (175,'Gà loại I',11,205,20.3,13.1,0,12,200,1.5,0.12,0.15,0.16,8.1,4);
insert into nglieu values (176,'Gà loại II',11,162,22.4,7.5,0,12,200,1.5,0,0,0,0,0);
insert into nglieu values (177,'Gà giò loại I',11,182,20.6,10.5,0,12,200,1.5,0,0,0,0,0);
insert into nglieu values (178,'Gà giò loại II',11,132,22.3,4.4,0,12,200,1.5,0,0,0,0,0);
insert into nglieu values (179,'Gà tơ loại I',11,194,20.5,11.8,0,0,0,0,0,0,0,0,0);
insert into nglieu values (180,'Gà tơ loại II',11,125,22.5,3.5,0,0,0,0,0,0,0,0,0);
insert into nglieu values (181,'Cá mỡ',12,155,16.8,9.3,0,42,173,1.4,0.03,0.08,0.21,0,0);
insert into nglieu values (182,'Cá nạc',12,82,17.5,1.1,0,42,173,1.4,0,0.06,0.08,0,0);
insert into nglieu values (183,'Cá bống',12,72,15.8,0.8,0,17,181,0.9,0,0,0,0,0);
insert into nglieu values (184,'Cá bơn',12,94,16.9,2.7,0,0,0,0,0,0,0,0,0);
insert into nglieu values (185,'Cá chép',12,99,16,3.6,0,17,184,0.9,0.12,0.18,0.04,0,0);
insert into nglieu values (186,'Cá khô',12,214,43.3,3.9,0,120,95,0,0,0,0,0,0);
insert into nglieu values (187,'Cá lóc',12,100,18.2,2.7,0,90,240,2.2,0,0,0,0,0);
insert into nglieu values (188,'Cá thát lát',12,78,18.1,0.2,0.8,50,0,0.4,0,0.05,0,0,0);
insert into nglieu values (189,'Cá thu',12,144,25,4.7,0,7,0,0.4,0,0.03,0,0,0);
insert into nglieu values (190,'Cá trê',12,178,16.5,11.9,0,20,210,1,0,0,0,0,0);
insert into nglieu values (191,'Cá hộp',12,212,24.3,12.1,0,0,0,0,0,0,0,0,0);
insert into nglieu values (192,'Cua bể',12,106,17.5,0.6,7,141,191,3.8,0,0.03,0.71,2.7,0);
insert into nglieu values (193,'Ếch',12,92,20,1.1,0,0,0,0,0,0,0,0,0);
insert into nglieu values (194,'Nhộng',12,114,13,6.5,0,40,109,0,0,0,0,0,0);
insert into nglieu values (195,'Cá ngừ',12,87,21,0.3,0,44,206,1,0,0.02,0.08,4,0);
insert into nglieu values (196,'Cua đồng',12,89,12.3,3.3,2,5040,430,4.7,0,0.01,0.51,2.1,0);
insert into nglieu values (197,'Cua đồng (gạn lấy nước)',12,39,5.3,1.9,0,110,33,3.4,0,0,0,0,0);
insert into nglieu values (198,'Hến',12,25,4.5,0.7,0,144,86,0,0,0,0,0,0);
insert into nglieu values (199,'Lươn',12,96,20,1.5,0,35,164,0,0,0,0,0,0);
insert into nglieu values (200,'Mực tươi',12,75,16.3,0.9,0,14,150,0.6,0,0.01,0.06,1.1,0);
insert into nglieu values (201,'Sò lông',12,48,8.8,0.4,3,37,82,1.9,0,0.03,0.15,1.7,0);
insert into nglieu values (202,'Tép gạo',12,59,11.7,1.2,0,910,218,0,0,0,0,0,0);
insert into nglieu values (203,'Tôm đồng',12,92,18.4,1.8,0,1120,150,0,0,0,0,0,0);
insert into nglieu values (204,'Tôm khô',12,345,75.6,3.8,0,0,0,0,0,0,0,0,0);
insert into nglieu values (205,'Tép khô',12,189,39.3,3,0,2000,609,5.5,0,0.03,0.07,2.5,0);
insert into nglieu values (206,'Mực khô',12,288,60.1,4.5,0,27,287,5.6,0,0,0,0,0);
insert into nglieu values (207,'Bột cá',12,331,71.2,2.9,3,0,0,0,0,0,0,0,0);
insert into nglieu values (208,'Ruốc cá lóc',12,320,65.7,4.1,3,26,654,0,0,0,0,0,0);
insert into nglieu values (209,'Ruốc tôm',12,313,65.5,3.1,3.7,0,0,0,0,0,0,0,0);
insert into nglieu values (210,'Bánh phồng tôm',12,697,1.6,59.2,34.1,175,30,0,0,0,0,0,0);
insert into nglieu values (211,'Trứng gà',13,171,14.8,11.6,0.5,55,210,2.7,0.7,0.16,0.31,0.2,0);
insert into nglieu values (212,'Lòng đỏ trứng gà',13,337,13.6,29.8,1,134,532,7,0.96,0.32,0.52,0,0);
insert into nglieu values (213,'Lòng trắng trứng gà',13,47,10.3,0.1,1,19,16,0.3,0,0,0.26,0,0);
insert into nglieu values (214,'Trứng vịt',13,189,13,14.2,1,71,210,3.2,0.36,0.15,0.3,0.1,0);
insert into nglieu values (215,'Trứng vịt lộn',13,187,13.6,12.4,4,82,212,3,0,0,0,0,0);
insert into nglieu values (216,'Trứng cá',13,84,20.5,0,0,0,0,0,0,0,0,0,0);
insert into nglieu values (217,'Sữa mẹ',14,63,1.5,3,7,34,15,0.1,0.09,0.01,0.04,0.1,6);
insert into nglieu values (218,'Sữa bò tươi',14,77,3.9,4.4,4.8,120,95,0.1,0.05,0.05,0.19,0.1,1);
insert into nglieu values (219,'Sữa dê tươi',14,71,3.5,4.1,4.5,147,126,0.1,0.05,0.04,0.18,0.3,3);
insert into nglieu values (220,'Sữa chua (yaourt)',14,67,3.3,3.7,3.6,120,95,0.1,0,0,0,0,0);
insert into nglieu values (221,'Sữa chua vớt béo',14,34,3.4,0,3.1,0,0,0,0,0,0,0,0);
insert into nglieu values (222,'Sữa đặc có đường',14,345,8.1,8.8,56,307,219,0.6,0.03,0.06,0.3,0.2,0);
insert into nglieu values (223,'Sữa bột toàn vẹn',14,508,27,26,38,939,0,0,0,0,0,0,0);
insert into nglieu values (224,'Sữa bột tách bơ',14,362,35.6,1,52,1300,0,0.6,40,0.35,0.18,0.1,7);
insert into nglieu values (225,'Đường cát',15,338,0,0,94.6,0,0,0,0,0,0,0,0);
insert into nglieu values (226,'Đường kính',15,407,0,0,99.3,0,0,0,0,0,0,0,0);
insert into nglieu values (227,'Sirô',15,340,0,0,83,0,0,0,0,0,0,0,0);
insert into nglieu values (228,'Mạch nha',15,339,0.2,0,82.5,0,0,0,0,0,0.1,0.2,0);
insert into nglieu values (229,'Mật ong',15,335,0.4,0,81.3,5,16,0.9,0,0,0.04,0.2,4);
insert into nglieu values (230,'Nước mắm loại I',16,29,7.1,0,0,386.7,246.7,2.7,0,0,0,0,0);
insert into nglieu values (231,'Nước mắm loại II',16,21,5.2,0,0,313.8,116.1,1.9,0,0,0,0,0);
insert into nglieu values (232,'Xì dầu',16,29,7,0,0,0,0,0,0,0,0,0,0);
insert into nglieu values (233,'Nước tương',16,10,2.5,0,0,0,0,0,0,0,0,0,0);
insert into nglieu values (234,'Cà ry bột',17,290,8.2,7.3,46,906,421,0,0.76,0.03,0.4,2.3,0);
insert into nglieu values (235,'Nghệ',17,23,0.3,0,5.2,12,22,0,0,0,0,0,7);
insert into nglieu values (236,'Bòn bon',18,68,1.1,0,17.6,12,0,0.5,0,0.07,0.06,0.9,0);
insert into nglieu values (237,'Bơ trái',18,38,1.2,0.5,4.6,0,0,0,0,0,0,0,0);
insert into nglieu values (238,'Bưởi',18,38,0.2,0,7.3,23,18,0.5,0.02,0.04,0.02,0.3,95);
insert into nglieu values (239,'Cam',18,43,0.9,0,8.4,34,23,0.4,0.3,0.08,0.03,0.2,40);
insert into nglieu values (240,'Chanh',18,43,0.9,0,4.8,40,22,0.6,0.4,0.04,0.01,0.1,40);
insert into nglieu values (241,'Chuối sứ',18,66,0.7,0,15.5,1,25,0,0,0,0,0,6);
insert into nglieu values (242,'Chuối khô',18,279,1.5,0,68,0,0,0,0,0,0,0,0);
insert into nglieu values (243,'Chôm chôm',18,78,1.4,0,15.8,11,0,0.5,0,0.01,0.06,0.4,85);
insert into nglieu values (244,'Dưa bở (dưa gang)',18,17,0.5,0,3.6,36,36,0,0,0.04,0.02,0.4,9);
insert into nglieu values (245,'Dưa hấu',18,15,1.2,0,2.5,8,13,1,0.2,0.04,0.04,0.2,7);
insert into nglieu values (246,'Dưa lê',18,17,0.3,0,3.8,27,12,0.4,0.2,0.02,0.02,0.5,7);
insert into nglieu values (247,'Dứa (thơm)',18,34,0.8,0,6.5,15,17,0.5,0.08,0.08,0.02,0.22,24);
insert into nglieu values (248,'Đu đủ chín',18,36,1,0,7.7,40,32,2.6,1.5,0.02,0.02,0,54);
insert into nglieu values (249,'Mận',18,16,0.4,0,3.5,12,6,0.5,0,0,0,0,30);
insert into nglieu values (250,'Măng cụt',18,45,0.3,0,12.1,9,0,0.2,0,0.19,0.02,0.6,5);
insert into nglieu values (251,'Mít dai',18,49,0.6,0,11.4,21,28,0.4,0.16,0,0.04,0,5);
insert into nglieu values (252,'Mít mật',18,64,1.5,0,14,21,28,0.4,0.16,0,0.04,0,5);
insert into nglieu values (253,'Mẵng cầu (na)',18,66,1.6,0,14.5,35,45,0,0,0,0,0,0);
insert into nglieu values (254,'Mẵng cầu xiêm',18,59,1.5,0,14.8,18,0,0.7,0,0.08,0.08,1.6,24);
insert into nglieu values (255,'Nước mía',18,51,0,0,12.5,0,0,0,0,0,0,0,0);
insert into nglieu values (256,'Nhãn',18,49,0.9,0,11,21,12,0,0,0,0,0,0);
insert into nglieu values (257,'Nho',18,73,0.4,0,16.5,17,22,0.6,0.05,0.06,0.04,0.2,0);
insert into nglieu values (258,'Quất',18,26,0.9,0,5.5,124,42,0.3,0,0,0,0,43);
insert into nglieu values (259,'Quít',18,43,0.8,0,8.6,35,17,0.4,0.6,0.08,0.03,0.2,55);
insert into nglieu values (260,'Sabôchê',18,43,0.5,0,10,52,24,0,0,0,0,0,8);
insert into nglieu values (261,'Sầu riêng',18,145,3.6,3,30,5,0,0.7,20,0.03,0.23,1,1);
insert into nglieu values (262,'Táo ta',18,38,0.8,0,8.5,44,25,0.2,0.01,0.06,0.04,0.6,24);
insert into nglieu values (263,'Táo tây',18,51,0.4,0,11.3,19,13,2.5,0.1,0.04,0.03,0.2,7);
insert into nglieu values (264,'Thanh long',18,53,1,0,12,0,0,0,0,0,0,0,40);
insert into nglieu values (265,'Vải',18,188,3.9,0,42,0,0,0,0,0,0,0,0);
insert into nglieu values (266,'Vú sữa',18,43,1,0,9.4,68,32,0,0,0,0,0,0);
insert into nglieu values (267,'Xoài',18,57,0.7,0,14.7,15,0,0,0,0,0,0,0);
insert into nglieu values (268,'Xơ ri',18,73,1.2,0,17,0,0,0,0,0,0,0,0);
insert into nglieu values (269,'Chuối',4,1,0.01,0.01,0.2,0.01,0,0,0,0,0,0,0);
insert into nglieu values (270,'Mía',18,51,0,0,12.5,0,0,0,0,0,0,0,0);
insert into nglieu values (271,'Gừng',17,0,0,0,0,0,0,0,0,0,0,0,0);
insert into nglieu values (272,'Dầu ăn',7,411,34,18.4,24.6,165,690,11,0.06,0.54,0.29,2.3,4);
insert into nglieu values (273,'Rau câu',17,0,0,0,0,0,0,0,0,0,0,0,0);
insert into nglieu values (274,'Củ riềng',4,0,0,0,0,0,0,0,0,0,0,0,0);

# Nglieuky Data
insert into nglieuky values (57,211);
insert into nglieuky values (58,211);
insert into nglieuky values (59,211);
insert into nglieuky values (60,229);
insert into nglieuky values (63,196);
insert into nglieuky values (63,197);
insert into nglieuky values (63,203);
insert into nglieuky values (63,204);
insert into nglieuky values (68,196);
insert into nglieuky values (68,197);
insert into nglieuky values (77,223);
insert into nglieuky values (77,224);
insert into nglieuky values (78,257);
insert into nglieuky values (78,263);
insert into nglieuky values (90,154);
insert into nglieuky values (94,137);
insert into nglieuky values (94,138);
insert into nglieuky values (137,94);
insert into nglieuky values (138,94);
insert into nglieuky values (154,90);
insert into nglieuky values (196,63);
insert into nglieuky values (196,68);
insert into nglieuky values (196,229);
insert into nglieuky values (196,239);
insert into nglieuky values (196,259);
insert into nglieuky values (197,63);
insert into nglieuky values (197,68);
insert into nglieuky values (197,229);
insert into nglieuky values (197,239);
insert into nglieuky values (197,259);
insert into nglieuky values (203,63);
insert into nglieuky values (204,63);
insert into nglieuky values (211,57);
insert into nglieuky values (211,58);
insert into nglieuky values (211,59);
insert into nglieuky values (218,239);
insert into nglieuky values (218,259);
insert into nglieuky values (223,77);
insert into nglieuky values (224,77);
insert into nglieuky values (229,60);
insert into nglieuky values (229,196);
insert into nglieuky values (229,197);
insert into nglieuky values (239,196);
insert into nglieuky values (239,197);
insert into nglieuky values (239,218);
insert into nglieuky values (257,78);
insert into nglieuky values (259,196);
insert into nglieuky values (259,197);
insert into nglieuky values (259,218);
insert into nglieuky values (263,78);

# TpMonan Data
insert into tpmonan values (1,2,50);
insert into tpmonan values (3,65,50);
insert into tpmonan values (3,182,50);
insert into tpmonan values (4,154,50);
insert into tpmonan values (5,182,50);
insert into tpmonan values (6,65,50);
insert into tpmonan values (6,66,50);
insert into tpmonan values (6,115,50);
insert into tpmonan values (6,147,50);
insert into tpmonan values (7,22,15);
insert into tpmonan values (7,132,20);
insert into tpmonan values (7,146,20);
insert into tpmonan values (7,214,30);
insert into tpmonan values (8,146,50);
insert into tpmonan values (9,61,100);
insert into tpmonan values (9,214,30);
insert into tpmonan values (10,65,100);
insert into tpmonan values (10,146,50);
insert into tpmonan values (11,83,100);
insert into tpmonan values (11,203,50);
insert into tpmonan values (12,98,100);
insert into tpmonan values (12,154,50);
insert into tpmonan values (13,146,20);
insert into tpmonan values (13,214,30);
insert into tpmonan values (14,69,50);
insert into tpmonan values (14,145,50);
insert into tpmonan values (15,132,30);
insert into tpmonan values (15,214,30);
insert into tpmonan values (16,22,20);
insert into tpmonan values (16,65,30);
insert into tpmonan values (16,132,30);
insert into tpmonan values (16,182,50);
insert into tpmonan values (17,65,30);
insert into tpmonan values (17,200,50);
insert into tpmonan values (17,247,50);
insert into tpmonan values (18,203,50);
insert into tpmonan values (19,90,50);
insert into tpmonan values (19,154,50);
insert into tpmonan values (20,149,100);
insert into tpmonan values (21,122,50);
insert into tpmonan values (21,137,50);
insert into tpmonan values (22,175,100);
insert into tpmonan values (23,55,50);
insert into tpmonan values (23,65,40);
insert into tpmonan values (23,147,20);
insert into tpmonan values (24,49,15);
insert into tpmonan values (24,147,20);
insert into tpmonan values (25,66,15);
insert into tpmonan values (25,114,15);
insert into tpmonan values (25,116,15);
insert into tpmonan values (25,147,20);
insert into tpmonan values (26,65,20);
insert into tpmonan values (26,137,30);
insert into tpmonan values (27,89,2);
insert into tpmonan values (27,137,30);
insert into tpmonan values (27,247,40);
insert into tpmonan values (28,8,10);
insert into tpmonan values (28,93,20);
insert into tpmonan values (28,100,60);
insert into tpmonan values (28,203,35);
insert into tpmonan values (29,96,10);
insert into tpmonan values (29,145,5);
insert into tpmonan values (29,202,15);
insert into tpmonan values (30,65,10);
insert into tpmonan values (30,66,10);
insert into tpmonan values (30,75,5);
insert into tpmonan values (30,93,10);
insert into tpmonan values (30,131,10);
insert into tpmonan values (30,132,2);
insert into tpmonan values (30,147,10);
insert into tpmonan values (30,189,25);
insert into tpmonan values (31,8,1);
insert into tpmonan values (31,65,20);
insert into tpmonan values (31,146,5);
insert into tpmonan values (31,200,18);
insert into tpmonan values (31,211,10);
insert into tpmonan values (31,214,30);
insert into tpmonan values (32,65,10);
insert into tpmonan values (32,66,10);
insert into tpmonan values (32,78,5);
insert into tpmonan values (32,147,10);
insert into tpmonan values (32,200,20);
insert into tpmonan values (32,247,5);
insert into tpmonan values (33,103,50);
insert into tpmonan values (33,146,10);
insert into tpmonan values (34,65,50);
insert into tpmonan values (34,214,35);
insert into tpmonan values (35,72,50);
insert into tpmonan values (35,203,20);
insert into tpmonan values (36,66,30);
insert into tpmonan values (36,115,30);
insert into tpmonan values (36,137,20);
insert into tpmonan values (37,225,16);
insert into tpmonan values (37,247,1);
insert into tpmonan values (37,257,1);
insert into tpmonan values (37,263,1);
insert into tpmonan values (37,268,1);
insert into tpmonan values (37,273,0.8);
insert into tpmonan values (38,54,40);
insert into tpmonan values (38,94,50);
insert into tpmonan values (38,146,10);
insert into tpmonan values (39,54,40);
insert into tpmonan values (39,65,50);
insert into tpmonan values (39,146,10);
insert into tpmonan values (40,62,50);
insert into tpmonan values (40,146,10);
insert into tpmonan values (41,225,3);
insert into tpmonan values (41,237,100);
insert into tpmonan values (42,49,10);
insert into tpmonan values (42,63,50);
insert into tpmonan values (43,69,50);
insert into tpmonan values (43,147,10);
insert into tpmonan values (44,106,50);
insert into tpmonan values (44,196,100);
insert into tpmonan values (45,61,50);
insert into tpmonan values (45,188,10);
insert into tpmonan values (46,65,30);
insert into tpmonan values (46,90,20);
insert into tpmonan values (46,182,10);
insert into tpmonan values (46,247,30);
insert into tpmonan values (47,38,30);
insert into tpmonan values (47,63,50);
insert into tpmonan values (48,36,50);
insert into tpmonan values (48,175,10);
insert into tpmonan values (49,30,50);
insert into tpmonan values (49,203,10);
insert into tpmonan values (50,73,50);
insert into tpmonan values (50,188,10);
insert into tpmonan values (51,269,100);
insert into tpmonan values (52,264,125);
insert into tpmonan values (53,267,100);
insert into tpmonan values (54,239,160);
insert into tpmonan values (55,236,100);
insert into tpmonan values (56,265,200);
insert into tpmonan values (57,248,185);
insert into tpmonan values (58,263,80);
insert into tpmonan values (59,65,28);
insert into tpmonan values (59,189,70);
insert into tpmonan values (59,225,2);
insert into tpmonan values (59,247,15);
insert into tpmonan values (60,69,50);
insert into tpmonan values (60,92,10);
insert into tpmonan values (60,146,30);
insert into tpmonan values (61,189,55);
insert into tpmonan values (61,225,3);
insert into tpmonan values (61,255,100);
insert into tpmonan values (61,270,100);
insert into tpmonan values (62,8,0.5);
insert into tpmonan values (62,22,1);
insert into tpmonan values (62,65,150);
insert into tpmonan values (62,131,10);
insert into tpmonan values (62,132,3);
insert into tpmonan values (62,188,50);
insert into tpmonan values (62,225,1);
insert into tpmonan values (63,39,35);
insert into tpmonan values (63,189,70);
insert into tpmonan values (63,225,3);
insert into tpmonan values (64,96,12);
insert into tpmonan values (64,137,30);
insert into tpmonan values (64,225,1);
insert into tpmonan values (65,247,50);
insert into tpmonan values (66,65,50);
insert into tpmonan values (66,214,70);
insert into tpmonan values (67,98,30);
insert into tpmonan values (67,105,20);
insert into tpmonan values (67,197,30);
insert into tpmonan values (68,91,2);
insert into tpmonan values (68,115,70);
insert into tpmonan values (68,132,1);
insert into tpmonan values (68,147,35);
insert into tpmonan values (69,62,70);
insert into tpmonan values (69,92,2);
insert into tpmonan values (69,203,35);
insert into tpmonan values (70,73,110);
insert into tpmonan values (70,92,2);
insert into tpmonan values (70,188,50);
insert into tpmonan values (71,61,70);
insert into tpmonan values (71,92,2);
insert into tpmonan values (71,197,40);
insert into tpmonan values (72,78,70);
insert into tpmonan values (72,92,2);
insert into tpmonan values (72,147,30);
insert into tpmonan values (73,70,70);
insert into tpmonan values (73,92,2);
insert into tpmonan values (73,168,30);
insert into tpmonan values (73,188,30);
insert into tpmonan values (74,62,90);
insert into tpmonan values (74,146,40);
insert into tpmonan values (75,73,75);
insert into tpmonan values (75,138,30);
insert into tpmonan values (75,168,30);
insert into tpmonan values (76,22,5);
insert into tpmonan values (76,98,70);
insert into tpmonan values (76,132,2);
insert into tpmonan values (76,203,30);
insert into tpmonan values (77,65,30);
insert into tpmonan values (77,69,60);
insert into tpmonan values (77,100,3);
insert into tpmonan values (77,202,20);
insert into tpmonan values (78,54,30);
insert into tpmonan values (78,90,30);
insert into tpmonan values (78,94,80);
insert into tpmonan values (78,147,30);
insert into tpmonan values (79,115,70);
insert into tpmonan values (79,168,50);
insert into tpmonan values (79,204,4);
insert into tpmonan values (80,175,70);
insert into tpmonan values (80,271,5);
insert into tpmonan values (81,91,3);
insert into tpmonan values (81,92,2);
insert into tpmonan values (81,136,1);
insert into tpmonan values (81,188,80);
insert into tpmonan values (81,225,2);
insert into tpmonan values (82,96,20);
insert into tpmonan values (82,136,0.5);
insert into tpmonan values (82,137,80);
insert into tpmonan values (82,225,2);
insert into tpmonan values (83,39,30);
insert into tpmonan values (83,145,70);
insert into tpmonan values (83,225,2);
insert into tpmonan values (84,238,100);
insert into tpmonan values (85,65,20);
insert into tpmonan values (85,147,10);
insert into tpmonan values (85,166,5);
insert into tpmonan values (85,203,5);
insert into tpmonan values (85,214,60);
insert into tpmonan values (86,29,30);
insert into tpmonan values (86,67,25);
insert into tpmonan values (86,137,70);
insert into tpmonan values (86,271,1);
insert into tpmonan values (86,272,1);
insert into tpmonan values (87,92,3);
insert into tpmonan values (87,96,40);
insert into tpmonan values (87,203,80);
insert into tpmonan values (87,272,2);
insert into tpmonan values (88,243,100);
insert into tpmonan values (89,245,100);
insert into tpmonan values (90,249,120);
insert into tpmonan values (91,253,150);
insert into tpmonan values (92,256,100);
insert into tpmonan values (93,257,80);
insert into tpmonan values (94,262,100);

# Buaan Data
insert into buaan values (1,5368,340.79,0.21,0.17,0.57);
insert into buaan values (2,3915,359.89,0.21,0.13,0.65);
insert into buaan values (3,7175,371.5,0.22,0.13,0.65);
insert into buaan values (4,5275,364.7,0.22,0.13,0.62);
insert into buaan values (5,4025,381.5,0.22,0.13,0.61);
insert into buaan values (6,7425,402.5,0.21,0.12,0.64);
insert into buaan values (7,4955,361.9,0.22,0.13,0.62);
insert into buaan values (8,2765,368.39,0.21,0.16,0.62);
insert into buaan values (9,3525,378.25,0.22,0.16,0.6);
insert into buaan values (10,4025,369,0.22,0.16,0.61);
insert into buaan values (11,6025,380,0.22,0.16,0.62);
insert into buaan values (12,4125,373.2,0.21,0.16,0.59);
insert into buaan values (13,2875,390,0.21,0.15,0.59);
insert into buaan values (14,6275,411,0.21,0.14,0.62);
insert into buaan values (15,3805,370.4,0.21,0.16,0.59);
insert into buaan values (16,2325,364.89,0.18,0.17,0.65);
insert into buaan values (17,4315,356.64,0.19,0.18,0.57);
insert into buaan values (18,3085,374.75,0.19,0.16,0.63);
insert into buaan values (19,3585,365.5,0.18,0.17,0.64);
insert into buaan values (20,4485,377.3,0.19,0.16,0.61);
insert into buaan values (21,5585,376.5,0.18,0.16,0.65);
insert into buaan values (22,3195,375.1,0.19,0.16,0.62);
insert into buaan values (23,3685,369.7,0.18,0.16,0.62);
insert into buaan values (24,2685,346.5,0.19,0.18,0.59);
insert into buaan values (25,2435,386.5,0.18,0.16,0.62);
insert into buaan values (26,5835,407.5,0.18,0.15,0.64);
insert into buaan values (27,2485,357.5,0.19,0.17,0.61);
insert into buaan values (28,3365,366.9,0.18,0.17,0.62);
insert into buaan values (29,3085,346.5,0.2,0.18,0.6);
insert into buaan values (30,5218,341.79,0.22,0.17,0.56);
insert into buaan values (31,3765,349.89,0.22,0.14,0.64);
insert into buaan values (32,5125,354.7,0.22,0.14,0.61);
insert into buaan values (33,3875,371.5,0.22,0.13,0.61);
insert into buaan values (34,7275,392.5,0.22,0.12,0.63);
insert into buaan values (35,4805,351.9,0.22,0.14,0.61);
insert into buaan values (36,5580,371.44,0.2,0.16,0.59);
insert into buaan values (37,7225,385.94,0.21,0.15,0.59);
insert into buaan values (38,3890,416.89,0.21,0.18,0.6);
insert into buaan values (39,4650,426.75,0.22,0.18,0.58);
insert into buaan values (40,5150,417.5,0.22,0.18,0.59);
insert into buaan values (41,6050,429.3,0.22,0.17,0.57);
insert into buaan values (42,7150,428.5,0.21,0.17,0.61);
insert into buaan values (43,5250,421.7,0.21,0.18,0.58);
insert into buaan values (44,4000,438.5,0.21,0.17,0.57);
insert into buaan values (45,7400,459.5,0.21,0.16,0.6);
insert into buaan values (46,4930,418.9,0.21,0.18,0.58);
insert into buaan values (47,3765,418.89,0.2,0.18,0.61);
insert into buaan values (48,5755,410.64,0.22,0.19,0.54);
insert into buaan values (49,4525,428.75,0.21,0.17,0.59);
insert into buaan values (50,5025,419.5,0.21,0.18,0.6);
insert into buaan values (51,5925,431.3,0.21,0.17,0.57);
insert into buaan values (52,7025,430.5,0.21,0.17,0.61);
insert into buaan values (53,4635,429.1,0.21,0.17,0.58);
insert into buaan values (54,5125,423.7,0.2,0.18,0.59);
insert into buaan values (55,4125,400.5,0.21,0.19,0.56);
insert into buaan values (56,3875,440.5,0.2,0.17,0.58);
insert into buaan values (57,7275,461.5,0.2,0.16,0.61);
insert into buaan values (58,3925,411.5,0.21,0.18,0.58);
insert into buaan values (59,4805,420.9,0.2,0.18,0.59);
insert into buaan values (60,4525,400.5,0.22,0.19,0.57);
insert into buaan values (61,5640,367.44,0.19,0.16,0.6);
insert into buaan values (62,3325,415.39,0.17,0.18,0.64);
insert into buaan values (63,5315,407.14,0.19,0.2,0.57);
insert into buaan values (64,3485,360,0.2,0.21,0.57);
insert into buaan values (65,4085,425.25,0.18,0.18,0.62);
insert into buaan values (66,4585,416,0.18,0.18,0.63);
insert into buaan values (67,5485,427.8,0.18,0.18,0.6);
insert into buaan values (68,6585,427,0.18,0.18,0.64);
insert into buaan values (69,4195,425.6,0.18,0.18,0.61);
insert into buaan values (70,4685,420.2,0.17,0.18,0.61);
insert into buaan values (71,3685,397,0.18,0.19,0.58);
insert into buaan values (72,3435,437,0.17,0.17,0.61);
insert into buaan values (73,3535,374,0.2,0.2,0.57);
insert into buaan values (74,3565,378.2,0.19,0.2,0.58);
insert into buaan values (75,6835,458,0.18,0.17,0.63);
insert into buaan values (76,3485,408,0.18,0.19,0.6);
insert into buaan values (77,4365,417.4,0.17,0.18,0.61);
insert into buaan values (78,4085,397,0.19,0.19,0.6);
insert into buaan values (79,5510,363.94,0.21,0.13,0.62);
insert into buaan values (80,7015,349.44,0.21,0.12,0.63);
insert into buaan values (81,5845,367.84,0.2,0.11,0.63);
insert into buaan values (82,3340,470.39,0.14,0.28,0.57);
insert into buaan values (83,4100,480.25,0.15,0.28,0.55);
insert into buaan values (84,4600,471,0.14,0.28,0.56);
insert into buaan values (85,5500,482.8,0.15,0.28,0.53);
insert into buaan values (86,6600,482,0.14,0.28,0.57);
insert into buaan values (87,4210,480.6,0.15,0.28,0.54);
insert into buaan values (88,4700,475.2,0.14,0.28,0.54);
insert into buaan values (89,3450,492,0.14,0.27,0.54);
insert into buaan values (90,6850,513,0.15,0.26,0.57);
insert into buaan values (91,3500,463,0.15,0.29,0.54);
insert into buaan values (92,4380,472.4,0.14,0.28,0.54);
insert into buaan values (93,4100,452,0.15,0.29,0.53);
insert into buaan values (94,5880,389.34,0.19,0.11,0.66);
insert into buaan values (95,7055,352.94,0.21,0.12,0.63);
insert into buaan values (96,5316,353.94,0.21,0.13,0.62);
insert into buaan values (97,5517,360.5,0.21,0.13,0.62);
insert into buaan values (98,5335,371.25,0.21,0.11,0.63);
insert into buaan values (99,7405,421.04,0.2,0.12,0.63);
insert into buaan values (100,5984,522.34,0.16,0.24,0.55);

# TpBuaan Data
insert into tpbuaan values (1,1);
insert into tpbuaan values (1,3);
insert into tpbuaan values (1,34);
insert into tpbuaan values (1,41);
insert into tpbuaan values (2,1);
insert into tpbuaan values (2,3);
insert into tpbuaan values (2,37);
insert into tpbuaan values (2,39);
insert into tpbuaan values (3,1);
insert into tpbuaan values (3,3);
insert into tpbuaan values (3,39);
insert into tpbuaan values (3,55);
insert into tpbuaan values (4,1);
insert into tpbuaan values (4,3);
insert into tpbuaan values (4,39);
insert into tpbuaan values (4,58);
insert into tpbuaan values (5,1);
insert into tpbuaan values (5,3);
insert into tpbuaan values (5,39);
insert into tpbuaan values (5,88);
insert into tpbuaan values (6,1);
insert into tpbuaan values (6,3);
insert into tpbuaan values (6,39);
insert into tpbuaan values (6,91);
insert into tpbuaan values (7,1);
insert into tpbuaan values (7,3);
insert into tpbuaan values (7,39);
insert into tpbuaan values (7,93);
insert into tpbuaan values (8,1);
insert into tpbuaan values (8,4);
insert into tpbuaan values (8,37);
insert into tpbuaan values (8,39);
insert into tpbuaan values (9,1);
insert into tpbuaan values (9,4);
insert into tpbuaan values (9,39);
insert into tpbuaan values (9,52);
insert into tpbuaan values (10,1);
insert into tpbuaan values (10,4);
insert into tpbuaan values (10,39);
insert into tpbuaan values (10,53);
insert into tpbuaan values (11,1);
insert into tpbuaan values (11,4);
insert into tpbuaan values (11,39);
insert into tpbuaan values (11,55);
insert into tpbuaan values (12,1);
insert into tpbuaan values (12,4);
insert into tpbuaan values (12,39);
insert into tpbuaan values (12,58);
insert into tpbuaan values (13,1);
insert into tpbuaan values (13,4);
insert into tpbuaan values (13,39);
insert into tpbuaan values (13,88);
insert into tpbuaan values (14,1);
insert into tpbuaan values (14,4);
insert into tpbuaan values (14,39);
insert into tpbuaan values (14,91);
insert into tpbuaan values (15,1);
insert into tpbuaan values (15,4);
insert into tpbuaan values (15,39);
insert into tpbuaan values (15,93);
insert into tpbuaan values (16,1);
insert into tpbuaan values (16,4);
insert into tpbuaan values (16,37);
insert into tpbuaan values (16,42);
insert into tpbuaan values (17,1);
insert into tpbuaan values (17,4);
insert into tpbuaan values (17,41);
insert into tpbuaan values (17,42);
insert into tpbuaan values (18,1);
insert into tpbuaan values (18,4);
insert into tpbuaan values (18,42);
insert into tpbuaan values (18,52);
insert into tpbuaan values (19,1);
insert into tpbuaan values (19,4);
insert into tpbuaan values (19,42);
insert into tpbuaan values (19,53);
insert into tpbuaan values (20,1);
insert into tpbuaan values (20,4);
insert into tpbuaan values (20,42);
insert into tpbuaan values (20,54);
insert into tpbuaan values (21,1);
insert into tpbuaan values (21,4);
insert into tpbuaan values (21,42);
insert into tpbuaan values (21,55);
insert into tpbuaan values (22,1);
insert into tpbuaan values (22,4);
insert into tpbuaan values (22,42);
insert into tpbuaan values (22,57);
insert into tpbuaan values (23,1);
insert into tpbuaan values (23,4);
insert into tpbuaan values (23,42);
insert into tpbuaan values (23,58);
insert into tpbuaan values (24,1);
insert into tpbuaan values (24,4);
insert into tpbuaan values (24,42);
insert into tpbuaan values (24,84);
insert into tpbuaan values (25,1);
insert into tpbuaan values (25,4);
insert into tpbuaan values (25,42);
insert into tpbuaan values (25,88);
insert into tpbuaan values (26,1);
insert into tpbuaan values (26,4);
insert into tpbuaan values (26,42);
insert into tpbuaan values (26,91);
insert into tpbuaan values (27,1);
insert into tpbuaan values (27,4);
insert into tpbuaan values (27,42);
insert into tpbuaan values (27,92);
insert into tpbuaan values (28,1);
insert into tpbuaan values (28,4);
insert into tpbuaan values (28,42);
insert into tpbuaan values (28,93);
insert into tpbuaan values (29,1);
insert into tpbuaan values (29,4);
insert into tpbuaan values (29,42);
insert into tpbuaan values (29,94);
insert into tpbuaan values (30,1);
insert into tpbuaan values (30,5);
insert into tpbuaan values (30,34);
insert into tpbuaan values (30,41);
insert into tpbuaan values (31,1);
insert into tpbuaan values (31,5);
insert into tpbuaan values (31,37);
insert into tpbuaan values (31,39);
insert into tpbuaan values (32,1);
insert into tpbuaan values (32,5);
insert into tpbuaan values (32,39);
insert into tpbuaan values (32,58);
insert into tpbuaan values (33,1);
insert into tpbuaan values (33,5);
insert into tpbuaan values (33,39);
insert into tpbuaan values (33,88);
insert into tpbuaan values (34,1);
insert into tpbuaan values (34,5);
insert into tpbuaan values (34,39);
insert into tpbuaan values (34,91);
insert into tpbuaan values (35,1);
insert into tpbuaan values (35,5);
insert into tpbuaan values (35,39);
insert into tpbuaan values (35,93);
insert into tpbuaan values (36,1);
insert into tpbuaan values (36,6);
insert into tpbuaan values (36,33);
insert into tpbuaan values (36,41);
insert into tpbuaan values (37,1);
insert into tpbuaan values (37,6);
insert into tpbuaan values (37,36);
insert into tpbuaan values (37,41);
insert into tpbuaan values (38,1);
insert into tpbuaan values (38,6);
insert into tpbuaan values (38,37);
insert into tpbuaan values (38,38);
insert into tpbuaan values (39,1);
insert into tpbuaan values (39,6);
insert into tpbuaan values (39,38);
insert into tpbuaan values (39,52);
insert into tpbuaan values (40,1);
insert into tpbuaan values (40,6);
insert into tpbuaan values (40,38);
insert into tpbuaan values (40,53);
insert into tpbuaan values (41,1);
insert into tpbuaan values (41,6);
insert into tpbuaan values (41,38);
insert into tpbuaan values (41,54);
insert into tpbuaan values (42,1);
insert into tpbuaan values (42,6);
insert into tpbuaan values (42,38);
insert into tpbuaan values (42,55);
insert into tpbuaan values (43,1);
insert into tpbuaan values (43,6);
insert into tpbuaan values (43,38);
insert into tpbuaan values (43,58);
insert into tpbuaan values (44,1);
insert into tpbuaan values (44,6);
insert into tpbuaan values (44,38);
insert into tpbuaan values (44,88);
insert into tpbuaan values (45,1);
insert into tpbuaan values (45,6);
insert into tpbuaan values (45,38);
insert into tpbuaan values (45,91);
insert into tpbuaan values (46,1);
insert into tpbuaan values (46,6);
insert into tpbuaan values (46,38);
insert into tpbuaan values (46,93);
insert into tpbuaan values (47,1);
insert into tpbuaan values (47,6);
insert into tpbuaan values (47,37);
insert into tpbuaan values (47,39);
insert into tpbuaan values (48,1);
insert into tpbuaan values (48,6);
insert into tpbuaan values (48,39);
insert into tpbuaan values (48,41);
insert into tpbuaan values (49,1);
insert into tpbuaan values (49,6);
insert into tpbuaan values (49,39);
insert into tpbuaan values (49,52);
insert into tpbuaan values (50,1);
insert into tpbuaan values (50,6);
insert into tpbuaan values (50,39);
insert into tpbuaan values (50,53);
insert into tpbuaan values (51,1);
insert into tpbuaan values (51,6);
insert into tpbuaan values (51,39);
insert into tpbuaan values (51,54);
insert into tpbuaan values (52,1);
insert into tpbuaan values (52,6);
insert into tpbuaan values (52,39);
insert into tpbuaan values (52,55);
insert into tpbuaan values (53,1);
insert into tpbuaan values (53,6);
insert into tpbuaan values (53,39);
insert into tpbuaan values (53,57);
insert into tpbuaan values (54,1);
insert into tpbuaan values (54,6);
insert into tpbuaan values (54,39);
insert into tpbuaan values (54,58);
insert into tpbuaan values (55,1);
insert into tpbuaan values (55,6);
insert into tpbuaan values (55,39);
insert into tpbuaan values (55,84);
insert into tpbuaan values (56,1);
insert into tpbuaan values (56,6);
insert into tpbuaan values (56,39);
insert into tpbuaan values (56,88);
insert into tpbuaan values (57,1);
insert into tpbuaan values (57,6);
insert into tpbuaan values (57,39);
insert into tpbuaan values (57,91);
insert into tpbuaan values (58,1);
insert into tpbuaan values (58,6);
insert into tpbuaan values (58,39);
insert into tpbuaan values (58,92);
insert into tpbuaan values (59,1);
insert into tpbuaan values (59,6);
insert into tpbuaan values (59,39);
insert into tpbuaan values (59,93);
insert into tpbuaan values (60,1);
insert into tpbuaan values (60,6);
insert into tpbuaan values (60,39);
insert into tpbuaan values (60,94);
insert into tpbuaan values (61,1);
insert into tpbuaan values (61,6);
insert into tpbuaan values (61,40);
insert into tpbuaan values (61,41);
insert into tpbuaan values (62,1);
insert into tpbuaan values (62,6);
insert into tpbuaan values (62,37);
insert into tpbuaan values (62,42);
insert into tpbuaan values (63,1);
insert into tpbuaan values (63,6);
insert into tpbuaan values (63,41);
insert into tpbuaan values (63,42);
insert into tpbuaan values (64,1);
insert into tpbuaan values (64,6);
insert into tpbuaan values (64,42);
insert into tpbuaan values (64,51);
insert into tpbuaan values (65,1);
insert into tpbuaan values (65,6);
insert into tpbuaan values (65,42);
insert into tpbuaan values (65,52);
insert into tpbuaan values (66,1);
insert into tpbuaan values (66,6);
insert into tpbuaan values (66,42);
insert into tpbuaan values (66,53);
insert into tpbuaan values (67,1);
insert into tpbuaan values (67,6);
insert into tpbuaan values (67,42);
insert into tpbuaan values (67,54);
insert into tpbuaan values (68,1);
insert into tpbuaan values (68,6);
insert into tpbuaan values (68,42);
insert into tpbuaan values (68,55);
insert into tpbuaan values (69,1);
insert into tpbuaan values (69,6);
insert into tpbuaan values (69,42);
insert into tpbuaan values (69,57);
insert into tpbuaan values (70,1);
insert into tpbuaan values (70,6);
insert into tpbuaan values (70,42);
insert into tpbuaan values (70,58);
insert into tpbuaan values (71,1);
insert into tpbuaan values (71,6);
insert into tpbuaan values (71,42);
insert into tpbuaan values (71,84);
insert into tpbuaan values (72,1);
insert into tpbuaan values (72,6);
insert into tpbuaan values (72,42);
insert into tpbuaan values (72,88);
insert into tpbuaan values (73,1);
insert into tpbuaan values (73,6);
insert into tpbuaan values (73,42);
insert into tpbuaan values (73,89);
insert into tpbuaan values (74,1);
insert into tpbuaan values (74,6);
insert into tpbuaan values (74,42);
insert into tpbuaan values (74,90);
insert into tpbuaan values (75,1);
insert into tpbuaan values (75,6);
insert into tpbuaan values (75,42);
insert into tpbuaan values (75,91);
insert into tpbuaan values (76,1);
insert into tpbuaan values (76,6);
insert into tpbuaan values (76,42);
insert into tpbuaan values (76,92);
insert into tpbuaan values (77,1);
insert into tpbuaan values (77,6);
insert into tpbuaan values (77,42);
insert into tpbuaan values (77,93);
insert into tpbuaan values (78,1);
insert into tpbuaan values (78,6);
insert into tpbuaan values (78,42);
insert into tpbuaan values (78,94);
insert into tpbuaan values (79,1);
insert into tpbuaan values (79,6);
insert into tpbuaan values (79,41);
insert into tpbuaan values (79,43);
insert into tpbuaan values (80,1);
insert into tpbuaan values (80,6);
insert into tpbuaan values (80,41);
insert into tpbuaan values (80,45);
insert into tpbuaan values (81,1);
insert into tpbuaan values (81,6);
insert into tpbuaan values (81,41);
insert into tpbuaan values (81,46);
insert into tpbuaan values (82,1);
insert into tpbuaan values (82,6);
insert into tpbuaan values (82,37);
insert into tpbuaan values (82,47);
insert into tpbuaan values (83,1);
insert into tpbuaan values (83,6);
insert into tpbuaan values (83,47);
insert into tpbuaan values (83,52);
insert into tpbuaan values (84,1);
insert into tpbuaan values (84,6);
insert into tpbuaan values (84,47);
insert into tpbuaan values (84,53);
insert into tpbuaan values (85,1);
insert into tpbuaan values (85,6);
insert into tpbuaan values (85,47);
insert into tpbuaan values (85,54);
insert into tpbuaan values (86,1);
insert into tpbuaan values (86,6);
insert into tpbuaan values (86,47);
insert into tpbuaan values (86,55);
insert into tpbuaan values (87,1);
insert into tpbuaan values (87,6);
insert into tpbuaan values (87,47);
insert into tpbuaan values (87,57);
insert into tpbuaan values (88,1);
insert into tpbuaan values (88,6);
insert into tpbuaan values (88,47);
insert into tpbuaan values (88,58);
insert into tpbuaan values (89,1);
insert into tpbuaan values (89,6);
insert into tpbuaan values (89,47);
insert into tpbuaan values (89,88);
insert into tpbuaan values (90,1);
insert into tpbuaan values (90,6);
insert into tpbuaan values (90,47);
insert into tpbuaan values (90,91);
insert into tpbuaan values (91,1);
insert into tpbuaan values (91,6);
insert into tpbuaan values (91,47);
insert into tpbuaan values (91,92);
insert into tpbuaan values (92,1);
insert into tpbuaan values (92,6);
insert into tpbuaan values (92,47);
insert into tpbuaan values (92,93);
insert into tpbuaan values (93,1);
insert into tpbuaan values (93,6);
insert into tpbuaan values (93,47);
insert into tpbuaan values (93,94);
insert into tpbuaan values (94,1);
insert into tpbuaan values (94,6);
insert into tpbuaan values (94,41);
insert into tpbuaan values (94,49);
insert into tpbuaan values (95,1);
insert into tpbuaan values (95,6);
insert into tpbuaan values (95,41);
insert into tpbuaan values (95,50);
insert into tpbuaan values (96,1);
insert into tpbuaan values (96,6);
insert into tpbuaan values (96,41);
insert into tpbuaan values (96,67);
insert into tpbuaan values (97,1);
insert into tpbuaan values (97,6);
insert into tpbuaan values (97,41);
insert into tpbuaan values (97,71);
insert into tpbuaan values (98,1);
insert into tpbuaan values (98,6);
insert into tpbuaan values (98,41);
insert into tpbuaan values (98,77);
insert into tpbuaan values (99,1);
insert into tpbuaan values (99,6);
insert into tpbuaan values (99,41);
insert into tpbuaan values (99,79);
insert into tpbuaan values (100,1);
insert into tpbuaan values (100,7);
insert into tpbuaan values (100,38);